Workbook

Sheet Sheet1
A2: 01/09 - 04/09 | J2: Uber
A3: 1 | B3: 46266 | C3: Ashan | D3: 1 | E3: 132CA | F3: Rs950.00 | G3: teriyaki rice | J3: PickMe
A4: 2 | B4: 46266 | C4: Corrine | D4: 2 | E4: pick-up | F4: Rs1,300.00 | G4: teriyaki rce | J4: Pick-up
A5: 3 | B5: 46266 | C5: Lakshan | D5: 2.5 | E5: pick-up | F5: Rs1,300.00 | G5: teriyaki 250
A6: 4 | B6: 46266 | C6: Gas | D6: 1 | E6: pick-up | F6: Rs650.00 | G6: teriyaki rice
A7: 5 | B7: 46266 | C7: Jithendra | D7: 3 | E7: pick-up | F7: Rs1,950.00 | G7: thai rice x3
A8: 6 | B8: 46266 | C8: Milinda | D8: 1 | E8: 05BF8 | F8: Rs950.00 | G8: teriyaki rice
A9: 7 | B9: 46266 | C9: Naveen | D9: 1 | E9: pick-up | F9: Rs650.00 | G9: teriyaki rice
A10: 8 | B10: 46266 | C10: Customer | D10: 1 | E10: pick-up | F10: Rs650.00 | G10: teriyaki rice | J10: Week 1 | K10: 106.5
A11: 9 | B11: 46266 | C11: Daham | D11: 1 | E11: 4EB3E | F11: Rs950.00 | G11: teriyaki rice | J11: Week 2 | K11: 104
A12: 10 | B12: 46266 | C12: Anuradha | D12: 2 | E12: pick-up | F12: Rs1,300.00 | G12: teriyaki rice x 2 | J12: Week 3 | K12: 131
A13: 11 | B13: 46266 | C13: Ranidu | D13: 1 | E13: 34D9C | F13: Rs950.00 | G13: teriyaki rice | J13: Week 4 | K13: 156
A14: 12 | B14: 46266 | C14: Naveen | D14: 2 | E14: pick-up | F14: Rs1,200.00 | G14: teriyaki 100, thai rice | J14: Week 5 | K14: 50
A15: 13 | B15: 46266 | C15: Meshal | D15: 1 | E15: E71FD | F15: Rs950.00 | G15: teriyki rice | H15: 19.5 | J15: Total sales | K15: 547.5
A16: 1 | B16: 46267 | C16: Ashan | D16: 1 | E16: pick-up | F16: Rs650.00 | G16: teriyaki rice
A17: 2 | B17: 46267 | C17: Laskhan | D17: 4 | E17: pick-up | F17: Rs2,100.00 | G17: teriyaki 250, thai 150
A18: 3 | B18: 46267 | C18: Chanud | D18: 1 | E18: 182399514 | F18: Rs950.00 | G18: thai rice
A19: 4 | B19: 46285 | C19: Walk-in | D19: 2 | E19: pick-up | F19: Rs1,300.00 | G19: thai rice, teriyaki rice
A20: 5 | B20: 46285 | C20: Danielle | D20: 1 | E20: 6B78C | F20: Rs800.00 | G20: teriyaki 100
A21: 6 | B21: 46267 | C21: Rajitha | D21: 1 | E21: 5D4BE | F21: Rs950.00 | G21: teriyaki rice
A22: 7 | B22: 46267 | C22: Mhmd | D22: 1 | E22: 182393526 | F22: Rs950.00 | G22: teriyaki rice
A23: 8 | B23: 46267 | C23: Shakila | D23: 1 | E23: pick-up | F23: Rs650.00 | G23: teriyaki rice
A24: 9 | B24: 46267 | C24: Meshal | D24: 1 | E24: 83422 | F24: Rs950.00 | G24: thai rice
A25: 10 | B25: 46267 | C25: Hensman | D25: 1 | E25: pick-up | F25: Rs650.00 | G25: teriyaki rice
A26: 11 | B26: 46267 | C26: Abishek | D26: 3 | E26: pick-up | F26: Rs1,800.00 | G26: thai rice x 2, vanilla shake
A27: 12 | B27: 46267 | C27: Dinusha | D27: 2 | E27: 4A315 | F27: Rs1,750.00 | G27: teriyaki rice, teriyaki 100
A28: 13 | B28: 46285 | C28: Tharindu | D28: 2 | E28: 86079 | F28: Rs1,750.00 | G28: teriyaki 100, thai rice
A29: 14 | B29: 46285 | C29: Promod | D29: 1 | E29: pick-up | F29: Rs650.00 | G29: teriykai rice
A30: 15 | B30: 46267 | C30: Lahiru | D30: 1 | E30: pick-up | F30: Rs650.00 | G30: teriyaki rice
A31: 16 | B31: 46267 | C31: Naveen | D31: 1 | E31: pick-up | F31: Rs650.00 | G31: teriyaki rice
A32: 17 | B32: 46267 | C32: Walk-in | D32: 1 | E32: pick-up | F32: Rs650.00 | G32: thai rice
A33: 18 | B33: 46267 | C33: Walk-in | D33: 1 | E33: pick-up | F33: Rs550.00 | G33: teriyaki 100
A34: 19 | B34: 46285 | C34: Randika | D34: 1 | E34: pick-up | F34: Rs550.00 | G34: teriyaki 100
A35: 20 | B35: 46267 | C35: Madhu | D35: 1 | E35: ED5F0 | F35: Rs950.00 | G35: teriyaki rice
A36: 21 | B36: 46267 | C36: Shavio | D36: 3 | E36: pick-up | F36: Rs1,750.00 | G36: teriyaki 100x2, thai rice
A37: 22 | B37: 46267 | C37: Bashith | D37: 2 | E37: pick-up | F37: Rs1,150.00 | G37: teriyaki rice, chocolate shake | H37: 33
A38: 1 | B38: 46268 | C38: Priyadarshana | D38: 1 | E38: 5533C | F38: Rs800.00 | G38: teriyaki 100
A39: 2 | B39: 46268 | C39: Lakshan | D39: 4 | E39: pick-up | F39: Rs2,100.00 | G39: teriyaki 250, thai 150
A40: 3 | B40: 46268 | C40: Tharushi | D40: 1 | E40: 182427010 | F40: Rs950.00 | G40: teriyaki rice
A41: 4 | B41: 46268 | C41: Chaya | D41: 1 | E41: 182427690 | F41: Rs950.00 | G41: thai rice
A42: 5 | B42: 46268 | C42: Roshan | D42: 1 | E42: pick-up | F42: Rs650.00 | G42: teriyaki rice
A43: 6 | B43: 46268 | C43: Dilip | D43: 2 | E43: pick-up | F43: Rs1,300.00 | G43: teriyaki rice
A44: 7 | B44: 46268 | C44: Milinda | D44: 2 | E44: 290F9 | F44: Rs1,900.00 | G44: teriyaki rice, thai rice
A45: 8 | B45: 46268 | C45: Matthew | D45: 1 | E45: DFF44 | F45: Rs950.00 | G45: thai rice
A46: 9 | B46: 46268 | C46: Tharaka | D46: 1 | E46: 182429519 | F46: Rs950.00 | G46: teriyaki rice
A47: 10 | B47: 46268 | C47: Anusha | D47: 1 | E47: E7728 | F47: Rs800.00 | G47: thai 100
A48: 11 | B48: 46268 | C48: Pasan | D48: 1 | E48: pick-up | F48: Rs650.00 | G48: teriyaki rice
A49: 12 | B49: 46268 | C49: Sebedh | D49: 1 | E49: pick-up | F49: Rs650.00 | G49: teriyaki rice
A50: 13 | B50: 46268 | C50: Walk-in | D50: 1 | E50: pick-up | F50: Rs550.00 | G50: thai 100
A51: 14 | B51: 46268 | C51: Lahiru | D51: 1 | E51: pick-up | F51: Rs650.00 | G51: teriyaki rice
A52: 15 | B52: 46268 | C52: Mithun | D52: 2 | E52: pick-up | F52: Rs1,200.00 | G52: teriyaki rice, thai 100
A53: 16 | B53: 46268 | C53: Amy | D53: 3 | E53: 8CCB7 | F53: Rs2,850.00 | G53: teriyaki rice x2, thai rice
A54: 17 | B54: 46268 | C54: Sampath | D54: 1 | E54: pick-up | F54: Rs650.00 | G54: thai rice | H54: 25
A55: 1 | B55: 46269 | C55: Hasitha | D55: 1 | E55: pick-up | F55: Rs1,200.00 | G55: teriyaki rice, teriyaki 100
A56: 2 | B56: 46269 | C56: Lakshan | D56: 8 | E56: pick-up | F56: Rs4,200.00 | G56: teriyaki 650, thai 150
A57: 3 | B57: 46269 | C57: Priyadarshana | D57: 1 | E57: 75F7A | F57: Rs950.00 | G57: thai rice
A58: 4 | B58: 46269 | C58: Rangana | D58: 2 | E58: 9A184 | F58: Rs1,900.00 | G58: teriyaki rice x 2
A59: 5 | B59: 46269 | C59: Walk-in | D59: 4 | E59: pick-up | F59: Rs2,500.00 | G59: teiryaki rice x3, thai 100
A60: 6 | B60: 46269 | C60: Kasun | D60: 1 | E60: EFC74 | F60: Rs950.00 | G60: thai rice
A61: 7 | B61: 46269 | C61: Pasan | D61: 1 | E61: pick-up | F61: Rs650.00 | G61: teriyaki rice
A62: 8 | B62: 46269 | C62: Sharon | D62: 1 | E62: pick-up | F62: Rs650.00 | G62: teriyaki rice
A63: 9 | B63: 46269 | C63: Dilshan | D63: 1 | E63: 76162 | F63: Rs950.00 | G63: teriyaki rice
A64: 10 | B64: 46269 | C64: Chaya | D64: 1 | E64: 182475853 | F64: Rs800.00 | G64: thai 100
A65: 11 | B65: 46269 | C65: Amenda | D65: 2 | E65: 7610E | F65: Rs1,900.00 | G65: thai rice, teriyaki rice
A66: 12 | B66: 46269 | C66: Walk-in | D66: 2 | E66: pick-up | F66: Rs1,100.00 | G66: teriyaki 100, thai 100
A67: 13 | B67: 46269 | C67: Tisha | D67: 1 | E67: 012CA | F67: Rs950.00 | G67: teriyaki rice
A68: 14 | B68: 46269 | C68: Walk-in | D68: 1 | E68: pick-up | F68: Rs650.00 | G68: teriyaki rice
A69: 15 | B69: 46269 | C69: Achinda | D69: 1 | E69: 29491 | F69: Rs950.00 | G69: thai rice
A70: 16 | B70: 46269 | C70: Hirosh | D70: 1 | E70: 6FCDF | F70: Rs640.00 | G70: teriyaki 100 | H70: 29
A72: 7/9 - 11/9
A73: 1 | B73: 46272 | C73: Lakshan | D73: 4 | E73: pick-up | F73: Rs2,100.00 | G73: teriyaki 400
A74: 2 | B74: 46272 | C74: Pryadharshana | D74: 1 | E74: 956ED | F74: Rs950.00 | G74: thai rice
A75: 3 | B75: 46272 | C75: Thiran | D75: 1 | E75: 1A988 | F75: Rs950.00 | G75: thai rice
A76: 4 | B76: 46272 | C76: Nishadi | D76: 1 | E76: 9627B | F76: Rs950.00 | G76: teriyaki rice
A77: 5 | B77: 46272 | C77: Sachindra | D77: 1 | E77: BB3DF | F77: Rs950.00 | G77: teriyaki rice
A78: 6 | B78: 46272 | C78: tharindu | D78: 2 | E78: C7F08 | F78: Rs1,600.00 | G78: teriyaki 100, thai 100
A79: 7 | B79: 46272 | C79: Rangana | D79: 2 | E79: 4F0A5 | F79: Rs1,900.00 | G79: teriyaki rice, thai rice
A80: 8 | B80: 46272 | C80: Milinda | D80: 1 | E80: D1775 | F80: Rs950.00 | G80: thai rice
A81: 9 | B81: 46272 | C81: Mathushan | D81: 1 | E81: pick-up | F81: Rs650.00 | G81: teriyaki rice
A82: 10 | B82: 46272 | C82: Lasith | D82: 2 | E82: 87C6F | F82: Rs1,750.00 | G82: teriyaki 100, teriyaki rice
A83: 11 | B83: 46272 | C83: Lahiru | D83: 1 | E83: pick-up | F83: Rs550.00 | G83: teriyaki 100
A84: 12 | B84: 46272 | C84: Migara | D84: 2 | E84: D6455 | F84: Rs1,600.00 | G84: teriyaki 100, thai 100
... A89: 17 | B89: 46272 | C89: Walk-in | D89: 2 | E89: pick-up | F89: Rs1,200.00 | G89: thai rice, teriyaki 100
A90: 18 | B90: 46272 | C90: Anusha | D90: 1 | E90: 92D50 | F90: Rs950.00 | G90: teriyaki rice | H90: 26
A91: 1 | B91: 46273 | C91: Ravindu | D91: 2 | E91: pick-up | F91: Rs1,300.00 | G91: teiryaki x2
A92: 2 | B92: 46273 | C92: Osuni | D92: 1 | E92: pick-up | F92: Rs650.00 | G92: teriyaki
A93: 3 | B93: 46273 | C93: Lakshan | D93: 4 | E93: pick-up | F93: Rs2,100.00 | G93: teriyaki 200 x 2
A94: 4 | B94: 46273 | C94: Bhashith | D94: 1 | E94: pick-up | F94: Rs650.00 | G94: teriyaki
A95: 5 | B95: 46273 | C95: Sachith | D95: 2 | E95: 182611834 | F95: Rs1,750.00 | G95: teriyaki rice, teriyaki 100
A96: 6 | B96: 46273 | C96: Kushmantha | D96: 2 | E96: 24B51 | F96: Rs1,750.00 | G96: teriyaki 100, thai rice
A97: 7 | B97: 46273 | C97: Shan | D97: 7 | E97: pick-up | F97: Rs4,250.00 | G97: teriyaki rice x 4, teriyaki 100 x 3
A98: 8 | B98: 46273 | C98: Chanuka | D98: 1 | E98: pick-up | F98: Rs650.00 | G98: teriyaki rice
A99: 9 | B99: 46273 | C99: Nipun | D99: 1 | E99: 182619038 | F99: Rs950.00 | G99: thai rice
A100: 10 | B100: 46273 | C100: Priyadharshana | D100: 1 | E100: 332E3. | F100: Rs950.00 | G100: teriyaki rice
A101: 11 | B101: 46273 | C101: Shane | D101: 1 | E101: 28990 | F101: Rs950.00 | G101: thai rice
A102: 12 | B102: 46273 | C102: Sameera | D102: 1 | E102: 98B95 | F102: Rs950.00 | G102: teriyaki rice | H102: 24
A103: 1 | B103: 46274 | C103: Lakshan | D103: 8 | E103: pick-up | F103: Rs2,100.00 | G103: teriyaki 200 x 2
A104: 2 | B104: 46274 | C104: Evanjana | D104: 1 | E104: DA15C | F104: Rs950.00 | G104: thai rice
A105: 3 | B105: 46274 | C105: Shavindra | D105: 1 | E105: pick-up | F105: Rs650.00 | G105: teriyaki rice
A106: 4 | B106: 46274 | C106: Marshall | D106: 1 | E106: pick-up | F106: Rs650.00 | G106: teriyaki rice
...

Sheet September Report
A1: SEPTEMBER SALES REPORT
A2: Pickup, Uber & PickMe | 1–29 September 2026 | 336 recorded orders
A3: TOTAL SALES | E3: ORDERS | I3: QUANTITY | M3: AVG ORDER
A4: =SUM('September Detail'!F2:F337) -> 421310 | E4: =COUNTA('September Detail'!A2:A337) -> 336 | I4: =SUM('September Detail'!E2:E337) -> 557.5 | M4: =A4/E4 -> 1253.8988
A6: Channel | B6: Orders | C6: Sales (LKR) | D6: Quantity | E6: Avg Order | F6: Sales Share
A7: Pickup | B7: =COUNTIF('September Detail'!$D$2:$D$337,A7) -> 163 | C7: =SUMIF('September Detail'!$D$2:$D$337,A7,'September Detail'!$F$2:$F$337) -> 192120 | D7: =SUMIF('September Detail'!$D$2:$D$337,A7,'September Detail'!$E$2:$E$337) -> 312.5 | E7: =IFERROR(C7/B7,0) -> 1178.6503 | F7: =IFERROR(C7/$C$10,0) -> 0.45600627
A8: Uber | B8: =COUNTIF('September Detail'!$D$2:$D$337,A8) -> 146 | C8: =SUMIF('September Detail'!$D$2:$D$337,A8,'September Detail'!$F$2:$F$337) -> 198800 | D8: =SUMIF('September Detail'!$D$2:$D$337,A8,'September Detail'!$E$2:$E$337) -> 213 | E8: =IFERROR(C8/B8,0) -> 1361.6438 | F8: =IFERROR(C8/$C$10,0) -> 0.47186157
A9: PickMe | B9: =COUNTIF('September Detail'!$D$2:$D$337,A9) -> 27 | C9: =SUMIF('September Detail'!$D$2:$D$337,A9,'September Detail'!$F$2:$F$337) -> 30390 | D9: =SUMIF('September Detail'!$D$2:$D$337,A9,'September Detail'!$E$2:$E$337) -> 32 | E9: =IFERROR(C9/B9,0) -> 1125.5556 | F9: =IFERROR(C9/$C$10,0) -> 0.072132159
A10: Total | B10: =SUM(B7:B9) -> 336 | C10: =SUM(C7:C9) -> 421310 | D10: =SUM(D7:D9) -> 557.5 | E10: =IFERROR(C10/B10,0) -> 1253.8988 | F10: =SUM(F7:F9) -> 1
A13: Period | B13: Pickup | C13: Uber | D13: PickMe | E13: Total Sales | F13: Orders
A14: 1–6 Sep | B14: =SUMIFS('September Detail'!$F$2:$F$337,'September Detail'!$D$2:$D$337,"Pickup",'September Detail'!$B$2:$B$337,">="&DATE(2026,9,1),'September Detail'!$B$2:$B$337,"<="&DATE(2026,9,6)) -> 39600 | C14: =SUMIFS('September Detail'!$F$2:$F$337,'September Detail'!$D$2:$D$337,"Uber",'September Detail'!$B$2:$B$337,">="&DATE(2026,9,1),'September Detail'!$B$2:$B$337,"<="&DATE(2026,9,6)) -> 25840 | D14: =SUMIFS('September Detail'!$F$2:$F$337,'September Detail'!$D$2:$D$337,"PickMe",'September Detail'!$B$2:$B$337,">="&DATE(2026,9,1),'September Detail'!$B$2:$B$337,"<="&DATE(2026,9,6)) -> 5550 | E14: =SUM(B14:D14) -> 70990 | F14: =COUNTIFS('September Detail'!$B$2:$B$337,">="&DATE(2026,9,1),'September Detail'!$B$2:$B$337,"<="&DATE(2026,9,6)) -> 63
A15: 7–13 Sep | B15: =SUMIFS('September Detail'!$F$2:$F$337,'September Detail'!$D$2:$D$337,"Pickup",'September Detail'!$B$2:$B$337,">="&DATE(2026,9,7),'September Detail'!$B$2:$B$337,"<="&DATE(2026,9,13)) -> 27800 | C15: =SUMIFS('September Detail'!$F$2:$F$337,'September Detail'!$D$2:$D$337,"Uber",'September Detail'!$B$2:$B$337,">="&DATE(2026,9,7),'September Detail'!$B$2:$B$337,"<="&DATE(2026,9,13)) -> 41100 | D15: =SUMIFS('September Detail'!$F$2:$F$337,'September Detail'!$D$2:$D$337,"PickMe",'September Detail'!$B$2:$B$337,">="&DATE(2026,9,7),'September Detail'!$B$2:$B$337,"<="&DATE(2026,9,13)) -> 5400 | E15: =SUM(B15:D15) -> 74300 | F15: =COUNTIFS('September Detail'!$B$2:$B$337,">="&DATE(2026,9,7),'September Detail'!$B$2:$B$337,"<="&DATE(2026,9,13)) -> 59
A16: 14–20 Sep | B16: =SUMIFS('September Detail'!$F$2:$F$337,'September Detail'!$D$2:$D$337,"Pickup",'September Detail'!$B$2:$B$337,">="&DATE(2026,9,14),'September Detail'!$B$2:$B$337,"<="&DATE(2026,9,20)) -> 51220 | C16: =SUMIFS('September Detail'!$F$2:$F$337,'September Detail'!$D$2:$D$337,"Uber",'September Detail'!$B$2:$B$337,">="&DATE(2026,9,14),'September Detail'!$B$2:$B$337,"<="&DATE(2026,9,20)) -> 48760 | D16: =SUMIFS('September Detail'!$F$2:$F$337,'September Detail'!$D$2:$D$337,"PickMe",'September Detail'!$B$2:$B$337,">="&DATE(2026,9,14),'September Detail'!$B$2:$B$337,"<="&DATE(2026,9,20)) -> 7200 | E16: =SUM(B16:D16) -> 107180 | F16: =COUNTIFS('September Detail'!$B$2:$B$337,">="&DATE(2026,9,14),'September Detail'!$B$2:$B$337,"<="&DATE(2026,9,20)) -> 79
A17: 21–27 Sep | B17: =SUMIFS('September Detail'!$F$2:$F$337,'September Detail'!$D$2:$D$337,"Pickup",'September Detail'!$B$2:$B$337,">="&DATE(2026,9,21),'September Detail'!$B$2:$B$337,"<="&DATE(2026,9,27)) -> 55740 | C17: =SUMIFS('September Detail'!$F$2:$F$337,'September Detail'!$D$2:$D$337,"Uber",'September Detail'!$B$2:$B$337,">="&DATE(2026,9,21),'September Detail'!$B$2:$B$337,"<="&DATE(2026,9,27)) -> 59610 | D17: =SUMIFS('September Detail'!$F$2:$F$337,'September Detail'!$D$2:$D$337,"PickMe",'September Detail'!$B$2:$B$337,">="&DATE(2026,9,21),'September Detail'!$B$2:$B$337,"<="&DATE(2026,9,27)) -> 10640 | E17: =SUM(B17:D17) -> 125990 | F17: =COUNTIFS('September Detail'!$B$2:$B$337,">="&DATE(2026,9,21),'September Detail'!$B$2:$B$337,"<="&DATE(2026,9,27)) -> 100
A18: 28–30 Sep | B18: =SUMIFS('September Detail'!$F$2:$F$337,'September Detail'!$D$2:$D$337,"Pickup",'September Detail'!$B$2:$B$337,">="&DATE(2026,9,28),'September Detail'!$B$2:$B$337,"<="&DATE(2026,9,30)) -> 17760 | C18: =SUMIFS('September Detail'!$F$2:$F$337,'September Detail'!$D$2:$D$337,"Uber",'September Detail'!$B$2:$B$337,">="&DATE(2026,9,28),'September Detail'!$B$2:$B$337,"<="&DATE(2026,9,30)) -> 23490 | D18: =SUMIFS('September Detail'!$F$2:$F$337,'September Detail'!$D$2:$D$337,"PickMe",'September Detail'!$B$2:$B$337,">="&DATE(2026,9,28),'September Detail'!$B$2:$B$337,"<="&DATE(2026,9,30)) -> 1600 | E18: =SUM(B18:D18) -> 42850 | F18: =COUNTIFS('September Detail'!$B$2:$B$337,">="&DATE(2026,9,28),'September Detail'!$B$2:$B$337,"<="&DATE(2026,9,30)) -> 35
A19: Total | B19: =SUM(B14:B18) -> 192120 | C19: =SUM(C14:C18) -> 198800 | D19: =SUM(D14:D18) -> 30390 | E19: =SUM(E14:E18) -> 421310 | F19: =SUM(F14:F18) -> 336
A22: Date | B22: Pickup | C22: Uber | D22: PickMe | E22: Total Sales | F22: Orders
A23: 46266 | B23: =SUMIFS('September Detail'!$F$2:$F$337,'September Detail'!$D$2:$D$337,"Pickup",'September Detail'!$B$2:$B$337,$A23) -> 9000 | C23: =SUMIFS('September Detail'!$F$2:$F$337,'September Detail'!$D$2:$D$337,"Uber",'September Detail'!$B$2:$B$337,$A23) -> 4750 | D23: =SUMIFS('September Detail'!$F$2:$F$337,'September Detail'!$D$2:$D$337,"PickMe",'September Detail'!$B$2:$B$337,$A23) -> 0 | E23: =SUM(B23:D23) -> 13750 | F23: =COUNTIF('September Detail'!$B$2:$B$337,$A23) -> 13
A24: 46267 | B24: =SUMIFS('September Detail'!$F$2:$F$337,'September Detail'!$D$2:$D$337,"Pickup",'September Detail'!$B$2:$B$337,$A24) -> 11250 | C24: =SUMIFS('September Detail'!$F$2:$F$337,'September Detail'!$D$2:$D$337,"Uber",'September Detail'!$B$2:$B$337,$A24) -> 4600 | D24: =SUMIFS('September Detail'!$F$2:$F$337,'September Detail'!$D$2:$D$337,"PickMe",'September Detail'!$B$2:$B$337,$A24) -> 1900 | E24: =SUM(B24:D24) -> 17750 | F24: =COUNTIF('September Detail'!$B$2:$B$337,$A24) -> 17
A25: 46268 | B25: =SUMIFS('September Detail'!$F$2:$F$337,'September Detail'!$D$2:$D$337,"Pickup",'September Detail'!$B$2:$B$337,$A25) -> 8400 | C25: =SUMIFS('September Detail'!$F$2:$F$337,'September Detail'!$D$2:$D$337,"Uber",'September Detail'!$B$2:$B$337,$A25) -> 7300 | D25: =SUMIFS('September Detail'!$F$2:$F$337,'September Detail'!$D$2:$D$337,"PickMe",'September Detail'!$B$2:$B$337,$A25) -> 2850 | E25: =SUM(B25:D25) -> 18550 | F25: =COUNTIF('September Detail'!$B$2:$B$337,$A25) -> 17
A26: 46269 | B26: =SUMIFS('September Detail'!$F$2:$F$337,'September Detail'!$D$2:$D$337,"Pickup",'September Detail'!$B$2:$B$337,$A26) -> 10950 | C26: =SUMIFS('September Detail'!$F$2:$F$337,'September Detail'!$D$2:$D$337,"Uber",'September Detail'!$B$2:$B$337,$A26) -> 9190 | D26: =SUMIFS('September Detail'!$F$2:$F$337,'September Detail'!$D$2:$D$337,"PickMe",'September Detail'!$B$2:$B$337,$A26) -> 800 | E26: =SUM(B26:D26) -> 20940 | F26: =COUNTIF('September Detail'!$B$2:$B$337,$A26) -> 16
A27: 46272 | B27: =SUMIFS('September Detail'!$F$2:$F$337,'September Detail'!$D$2:$D$337,"Pickup",'September Detail'!$B$2:$B$337,$A27) -> 5800 | C27: =SUMIFS('September Detail'!$F$2:$F$337,'September Detail'!$D$2:$D$337,"Uber",'September Detail'!$B$2:$B$337,$A27) -> 14450 | D27: =SUMIFS('September Detail'!$F$2:$F$337,'September Detail'!$D$2:$D$337,"PickMe",'September Detail'!$B$2:$B$337,$A27) -> 0 | E27: =SUM(B27:D27) -> 20250 | F27: =COUNTIF('September Detail'!$B$2:$B$337,$A27) -> 18
A28: 46273 | B28: =SUMIFS('September Detail'!$F$2:$F$337,'September Detail'!$D$2:$D$337,"Pickup",'September Detail'!$B$2:$B$337,$A28) -> 9600 | C28: =SUMIFS('September Detail'!$F$2:$F$337,'September Detail'!$D$2:$D$337,"Uber",'September Detail'!$B$2:$B$337,$A28) -> 4600 | D28: =SUMIFS('September Detail'!$F$2:$F$337,'September Detail'!$D$2:$D$337,"PickMe",'September Detail'!$B$2:$B$337,$A28) -> 2700 | E28: =SUM(B28:D28) -> 16900 | F28: =COUNTIF('September Detail'!$B$2:$B$337,$A28) -> 12
A29: 46274 | B29: =SUMIFS('September Detail'!$F$2:$F$337,'September Detail'!$D$2:$D$337,"Pickup",'September Detail'!$B$2:$B$337,$A29) -> 6550 | C29: =SUMIFS('September Detail'!$F$2:$F$337,'September Detail'!$D$2:$D$337,"Uber",'September Detail'!$B$2:$B$337,$A29) -> 8100 | D29: =SUMIFS('September Detail'!$F$2:$F$337,'September Detail'!$D$2:$D$337,"PickMe",'September Detail'!$B$2:$B$337,$A29) -> 2700 | E29: =SUM(B29:D29) -> 17350 | F29: =COUNTIF('September Detail'!$B$2:$B$337,$A29) -> 17
A30: 46276 | B30: =SUMIFS('September Detail'!$F$2:$F$337,'September Detail'!$D$2:$D$337,"Pickup",'September Detail'!$B$2:$B$337,$A30) -> 5850 | C30: =SUMIFS('September Detail'!$F$2:$F$337,'September Detail'!$D$2:$D$337,"Uber",'September Detail'!$B$2:$B$337,$A30) -> 13950 | D30: =SUMIFS('September Detail'!$F$2:$F$337,'September Detail'!$D$2:$D$337,"PickMe",'September Detail'!$B$2:$B$337,$A30) -> 0 | E30: =SUM(B30:D30) -> 19800 | F30: =COUNTIF('September Detail'!$B$2:$B$337,$A30) -> 12
A31: 46279 | B31: =SUMIFS('September Detail'!$F$2:$F$337,'September Detail'!$D$2:$D$337,"Pickup",'September Detail'!$B$2:$B$337,$A31) -> 8950 | C31: =SUMIFS('September Detail'!$F$2:$F$337,'September Detail'!$D$2:$D$337,"Uber",'September Detail'!$B$2:$B$337,$A31) -> 5400 | D31: =SUMIFS('September Detail'!$F$2:$F$337,'September Detail'!$D$2:$D$337,"PickMe",'September Detail'!$B$2:$B$337,$A31) -> 4450 | E31: =SUM(B31:D31) -> 18800 | F31: =COUNTIF('September Detail'!$B$2:$B$337,$A31) -> 15
A32: 46280 | B32: =SUMIFS('September Detail'!$F$2:$F$337,'September Detail'!$D$2:$D$337,"Pickup",'September Detail'!$B$2:$B$337,$A32) -> 8250 | C32: =SUMIFS('September Detail'!$F$2:$F$337,'September Detail'!$D$2:$D$337,"Uber",'September Detail'!$B$2:$B$337,$A32) -> 11750 | D32: =SUMIFS('September Detail'!$F$2:$F$337,'September Detail'!$D$2:$D$337,"PickMe",'September Detail'!$B$2:$B$337,$A32) -> 850 | E32: =SUM(B32:D32) -> 20850 | F32: =COUNTIF('September Detail'!$B$2:$B$337,$A32) -> 14
A33: 46281 | B33: =SUMIFS('September Detail'!$F$2:$F$337,'September Detail'!$D$2:$D$337,"Pickup",'September Detail'!$B$2:$B$337,$A33) -> 12760 | C33: =SUMIFS('September Detail'!$F$2:$F$337,'September Detail'!$D$2:$D$337,"Uber",'September Detail'!$B$2:$B$337,$A33) -> 9350 | D33: =SUMIFS('September Detail'!$F$2:$F$337,'September Detail'!$D$2:$D$337,"PickMe",'September Detail'!$B$2:$B$337,$A33) -> 1900 | E33: =SUM(B33:D33) -> 24010 | F33: =COUNTIF('September Detail'!$B$2:$B$337,$A33) -> 20
A34: 46282 | B34: =SUMIFS('September Detail'!$F$2:$F$337,'September Detail'!$D$2:$D$337,"Pickup",'September Detail'!$B$2:$B$337,$A34) -> 7880 | C34: =SUMIFS('September Detail'!$F$2:$F$337,'September Detail'!$D$2:$D$337,"Uber",'September Detail'!$B$2:$B$337,$A34) -> 8610 | D34: =SUMIFS('September Detail'!$F$2:$F$337,'September Detail'!$D$2:$D$337,"PickMe",'September Detail'!$B$2:$B$337,$A34) -> 0 | E34: =SUM(B34:D34) -> 16490 | F34: =COUNTIF('September Detail'!$B$2:$B$337,$A34) -> 13
... A43: 46294 | B43: =SUMIFS('September Detail'!$F$2:$F$337,'September Detail'!$D$2:$D$337,"Pickup",'September Detail'!$B$2:$B$337,$A43) -> 9940 | C43: =SUMIFS('September Detail'!$F$2:$F$337,'September Detail'!$D$2:$D$337,"Uber",'September Detail'!$B$2:$B$337,$A43) -> 9990 | D43: =SUMIFS('September Detail'!$F$2:$F$337,'September Detail'!$D$2:$D$337,"PickMe",'September Detail'!$B$2:$B$337,$A43) -> 650 | E43: =SUM(B43:D43) -> 20580 | F43: =COUNTIF('September Detail'!$B$2:$B$337,$A43) -> 16
A44: Total | B44: =SUM(B23:B43) -> 192120 | C44: =SUM(C23:C43) -> 198800 | D44: =SUM(D23:D43) -> 30390 | E44: =SUM(E23:E43) -> 421310 | F44: =SUM(F23:F43) -> 336
A47: SEPTEMBER PRODUCT QUANTITY MIX
A48: Category | B48: Quantity
A49: Teriyaki Rice | B49: 216
A50: Teriyaki (chicken) | B50: 118
A51: Thai Rice | B51: 96
A53: Milkshake | B53: 53
A54: Other | B54: 35
A55: Total | B55: 518
A57: Method: items separated by commas; x2/x3 multipliers applied; items without a multiplier counted as 1. Teriyaki Rice contains descriptions with both ‘teriyaki’ and ‘rice’; Teriyaki contains non-rice teriyaki portions. Chicken includes only descriptions explicitly containing ‘chicken’.

Sheet September Detail
A1: Source Row | B1: Date | C1: Customer | D1: Channel | E1: Quantity | F1: Sales (LKR) | G1: Items | H1: Order Reference
A2: 3 | B2: 46266 | C2: Ashan | D2: Uber | E2: 1 | F2: 950 | G2: teriyaki rice | H2: 132CA
A3: 4 | B3: 46266 | C3: Corrine | D3: Pickup | E3: 2 | F3: 1300 | G3: teriyaki rce | H3: pick-up
A4: 5 | B4: 46266 | C4: Lakshan | D4: Pickup | E4: 2.5 | F4: 1300 | G4: teriyaki 250 | H4: pick-up
A5: 6 | B5: 46266 | C5: Gas | D5: Pickup | E5: 1 | F5: 650 | G5: teriyaki rice | H5: pick-up
A6: 7 | B6: 46266 | C6: Jithendra | D6: Pickup | E6: 3 | F6: 1950 | G6: thai rice x3 | H6: pick-up
A7: 8 | B7: 46266 | C7: Milinda | D7: Uber | E7: 1 | F7: 950 | G7: teriyaki rice | H7: 05BF8
A8: 9 | B8: 46266 | C8: Naveen | D8: Pickup | E8: 1 | F8: 650 | G8: teriyaki rice | H8: pick-up
A9: 10 | B9: 46266 | C9: Customer | D9: Pickup | E9: 1 | F9: 650 | G9: teriyaki rice | H9: pick-up
A10: 11 | B10: 46266 | C10: Daham | D10: Uber | E10: 1 | F10: 950 | G10: teriyaki rice | H10: 4EB3E
A11: 12 | B11: 46266 | C11: Anuradha | D11: Pickup | E11: 2 | F11: 1300 | G11: teriyaki rice x 2 | H11: pick-up
A12: 13 | B12: 46266 | C12: Ranidu | D12: Uber | E12: 1 | F12: 950 | G12: teriyaki rice | H12: 34D9C
A13: 14 | B13: 46266 | C13: Naveen | D13: Pickup | E13: 2 | F13: 1200 | G13: teriyaki 100, thai rice | H13: pick-up
... A16: 17 | B16: 46267 | C16: Laskhan | D16: Pickup | E16: 4 | F16: 2100 | G16: teriyaki 250, thai 150 | H16: pick-up
A17: 18 | B17: 46267 | C17: Chanud | D17: PickMe | E17: 1 | F17: 950 | G17: thai rice | H17: 182399514
A18: 19 | B18: 46285 | C18: Walk-in | D18: Pickup | E18: 2 | F18: 1300 | G18: thai rice, teriyaki rice | H18: pick-up
A19: 20 | B19: 46285 | C19: Danielle | D19: Uber | E19: 1 | F19: 800 | G19: teriyaki 100 | H19: 6B78C
A20: 21 | B20: 46267 | C20: Rajitha | D20: Uber | E20: 1 | F20: 950 | G20: teriyaki rice | H20: 5D4BE
A21: 22 | B21: 46267 | C21: Mhmd | D21: PickMe | E21: 1 | F21: 950 | G21: teriyaki rice | H21: 182393526
A22: 23 | B22: 46267 | C22: Shakila | D22: Pickup | E22: 1 | F22: 650 | G22: teriyaki rice | H22: pick-up
A23: 24 | B23: 46267 | C23: Meshal | D23: Uber | E23: 1 | F23: 950 | G23: thai rice | H23: 83422
A24: 25 | B24: 46267 | C24: Hensman | D24: Pickup | E24: 1 | F24: 650 | G24: teriyaki rice | H24: pick-up
A25: 26 | B25: 46267 | C25: Abishek | D25: Pickup | E25: 3 | F25: 1800 | G25: thai rice x 2, vanilla shake | H25: pick-up
A26: 27 | B26: 46267 | C26: Dinusha | D26: Uber | E26: 2 | F26: 1750 | G26: teriyaki rice, teriyaki 100 | H26: 4A315
A27: 28 | B27: 46285 | C27: Tharindu | D27: Uber | E27: 2 | F27: 1750 | G27: teriyaki 100, thai rice | H27: 86079
A28: 29 | B28: 46285 | C28: Promod | D28: Pickup | E28: 1 | F28: 650 | G28: teriykai rice | H28: pick-up
A29: 30 | B29: 46267 | C29: Lahiru | D29: Pickup | E29: 1 | F29: 650 | G29: teriyaki rice | H29: pick-up
A30: 31 | B30: 46267 | C30: Naveen | D30: Pickup | E30: 1 | F30: 650 | G30: teriyaki rice | H30: pick-up
A31: 32 | B31: 46267 | C31: Walk-in | D31: Pickup | E31: 1 | F31: 650 | G31: thai rice | H31: pick-up
A32: 33 | B32: 46267 | C32: Walk-in | D32: Pickup | E32: 1 | F32: 550 | G32: teriyaki 100 | H32: pick-up
A33: 34 | B33: 46285 | C33: Randika | D33: Pickup | E33: 1 | F33: 550 | G33: teriyaki 100 | H33: pick-up
A34: 35 | B34: 46267 | C34: Madhu | D34: Uber | E34: 1 | F34: 950 | G34: teriyaki rice | H34: ED5F0
A35: 36 | B35: 46267 | C35: Shavio | D35: Pickup | E35: 3 | F35: 1750 | G35: teriyaki 100x2, thai rice | H35: pick-up
A36: 37 | B36: 46267 | C36: Bashith | D36: Pickup | E36: 2 | F36: 1150 | G36: teriyaki rice, chocolate shake | H36: pick-up
A37: 38 | B37: 46268 | C37: Priyadarshana | D37: Uber | E37: 1 | F37: 800 | G37: teriyaki 100 | H37: 5533C
A38: 39 | B38: 46268 | C38: Lakshan | D38: Pickup | E38: 4 | F38: 2100 | G38: teriyaki 250, thai 150 | H38: pick-up
A39: 40 | B39: 46268 | C39: Tharushi | D39: PickMe | E39: 1 | F39: 950 | G39: teriyaki rice | H39: 182427010
A40: 41 | B40: 46268 | C40: Chaya | D40: PickMe | E40: 1 | F40: 950 | G40: thai rice | H40: 182427690
A41: 42 | B41: 46268 | C41: Roshan | D41: Pickup | E41: 1 | F41: 650 | G41: teriyaki rice | H41: pick-up
A42: 43 | B42: 46268 | C42: Dilip | D42: Pickup | E42: 2 | F42: 1300 | G42: teriyaki rice | H42: pick-up
A43: 44 | B43: 46268 | C43: Milinda | D43: Uber | E43: 2 | F43: 1900 | G43: teriyaki rice, thai rice | H43: 290F9
A44: 45 | B44: 46268 | C44: Matthew | D44: Uber | E44: 1 | F44: 950 | G44: thai rice | H44: DFF44
A45: 46 | B45: 46268 | C45: Tharaka | D45: PickMe | E45: 1 | F45: 950 | G45: teriyaki rice | H45: 182429519
A46: 47 | B46: 46268 | C46: Anusha | D46: Uber | E46: 1 | F46: 800 | G46: thai 100 | H46: E7728
A47: 48 | B47: 46268 | C47: Pasan | D47: Pickup | E47: 1 | F47: 650 | G47: teriyaki rice | H47: pick-up
A48: 49 | B48: 46268 | C48: Sebedh | D48: Pickup | E48: 1 | F48: 650 | G48: teriyaki rice | H48: pick-up
A49: 50 | B49: 46268 | C49: Walk-in | D49: Pickup | E49: 1 | F49: 550 | G49: thai 100 | H49: pick-up
A50: 51 | B50: 46268 | C50: Lahiru | D50: Pickup | E50: 1 | F50: 650 | G50: teriyaki rice | H50: pick-up
A51: 52 | B51: 46268 | C51: Mithun | D51: Pickup | E51: 2 | F51: 1200 | G51: teriyaki rice, thai 100 | H51: pick-up
A52: 53 | B52: 46268 | C52: Amy | D52: Uber | E52: 3 | F52: 2850 | G52: teriyaki rice x2, thai rice | H52: 8CCB7
A53: 54 | B53: 46268 | C53: Sampath | D53: Pickup | E53: 1 | F53: 650 | G53: thai rice | H53: pick-up
A54: 55 | B54: 46269 | C54: Hasitha | D54: Pickup | E54: 1 | F54: 1200 | G54: teriyaki rice, teriyaki 100 | H54: pick-up
A55: 56 | B55: 46269 | C55: Lakshan | D55: Pickup | E55: 8 | F55: 4200 | G55: teriyaki 650, thai 150 | H55: pick-up
A56: 57 | B56: 46269 | C56: Priyadarshana | D56: Uber | E56: 1 | F56: 950 | G56: thai rice | H56: 75F7A
A57: 58 | B57: 46269 | C57: Rangana | D57: Uber | E57: 2 | F57: 1900 | G57: teriyaki rice x 2 | H57: 9A184
... A61: 62 | B61: 46269 | C61: Sharon | D61: Pickup | E61: 1 | F61: 650 | G61: teriyaki rice | H61: pick-up
A62: 63 | B62: 46269 | C62: Dilshan | D62: Uber | E62: 1 | F62: 950 | G62: teriyaki rice | H62: 76162
A63: 64 | B63: 46269 | C63: Chaya | D63: PickMe | E63: 1 | F63: 800 | G63: thai 100 | H63: 182475853
A64: 65 | B64: 46269 | C64: Amenda | D64: Uber | E64: 2 | F64: 1900 | G64: thai rice, teriyaki rice | H64: 7610E
A65: 66 | B65: 46269 | C65: Walk-in | D65: Pickup | E65: 2 | F65: 1100 | G65: teriyaki 100, thai 100 | H65: pick-up
A66: 67 | B66: 46269 | C66: Tisha | D66: Uber | E66: 1 | F66: 950 | G66: teriyaki rice | H66: 012CA
A67: 68 | B67: 46269 | C67: Walk-in | D67: Pickup | E67: 1 | F67: 650 | G67: teriyaki rice | H67: pick-up
A68: 69 | B68: 46269 | C68: Achinda | D68: Uber | E68: 1 | F68: 950 | G68: thai rice | H68: 29491
A69: 70 | B69: 46269 | C69: Hirosh | D69: Uber | E69: 1 | F69: 640 | G69: teriyaki 100 | H69: 6FCDF
A70: 73 | B70: 46272 | C70: Lakshan | D70: Pickup | E70: 4 | F70: 2100 | G70: teriyaki 400 | H70: pick-up
A71: 74 | B71: 46272 | C71: Pryadharshana | D71: Uber | E71: 1 | F71: 950 | G71: thai rice | H71: 956ED
A72: 75 | B72: 46272 | C72: Thiran | D72: Uber | E72: 1 | F72: 950 | G72: thai rice | H72: 1A988
A73: 76 | B73: 46272 | C73: Nishadi | D73: Uber | E73: 1 | F73: 950 | G73: teriyaki rice | H73: 9627B
A74: 77 | B74: 46272 | C74: Sachindra | D74: Uber | E74: 1 | F74: 950 | G74: teriyaki rice | H74: BB3DF
A75: 78 | B75: 46272 | C75: tharindu | D75: Uber | E75: 2 | F75: 1600 | G75: teriyaki 100, thai 100 | H75: C7F08
A76: 79 | B76: 46272 | C76: Rangana | D76: Uber | E76: 2 | F76: 1900 | G76: teriyaki rice, thai rice | H76: 4F0A5
A77: 80 | B77: 46272 | C77: Milinda | D77: Uber | E77: 1 | F77: 950 | G77: thai rice | H77: D1775
A78: 81 | B78: 46272 | C78: Mathushan | D78: Pickup | E78: 1 | F78: 650 | G78: teriyaki rice | H78: pick-up
A79: 82 | B79: 46272 | C79: Lasith | D79: Uber | E79: 2 | F79: 1750 | G79: teriyaki 100, teriyaki rice | H79: 87C6F
A80: 83 | B80: 46272 | C80: Lahiru | D80: Pickup | E80: 1 | F80: 550 | G80: teriyaki 100 | H80: pick-up
... A91: 94 | B91: 46273 | C91: Bhashith | D91: Pickup | E91: 1 | F91: 650 | G91: teriyaki | H91: pick-up
A92: 95 | B92: 46273 | C92: Sachith | D92: PickMe | E92: 2 | F92: 1750 | G92: teriyaki rice, teriyaki 100 | H92: 182611834
A93: 96 | B93: 46273 | C93: Kushmantha | D93: Uber | E93: 2 | F93: 1750 | G93: teriyaki 100, thai rice | H93: 24B51
A94: 97 | B94: 46273 | C94: Shan | D94: Pickup | E94: 7 | F94: 4250 | G94: teriyaki rice x 4, teriyaki 100 x 3 | H94: pick-up
A95: 98 | B95: 46273 | C95: Chanuka | D95: Pickup | E95: 1 | F95: 650 | G95: teriyaki rice | H95: pick-up
A96: 99 | B96: 46273 | C96: Nipun | D96: PickMe | E96: 1 | F96: 950 | G96: thai rice | H96: 182619038
A97: 100 | B97: 46273 | C97: Priyadharshana | D97: Uber | E97: 1 | F97: 950 | G97: teriyaki rice | H97: 332E3.
A98: 101 | B98: 46273 | C98: Shane | D98: Uber | E98: 1 | F98: 950 | G98: thai rice | H98: 28990
A99: 102 | B99: 46273 | C99: Sameera | D99: Uber | E99: 1 | F99: 950 | G99: teriyaki rice | H99: 98B95
A100: 103 | B100: 46274 | C100: Lakshan | D100: Pickup | E100: 8 | F100: 2100 | G100: teriyaki 200 x 2 | H100: pick-up
A101: 104 | B101: 46274 | C101: Evanjana | D101: Uber | E101: 1 | F101: 950 | G101: thai rice | H101: DA15C
A102: 105 | B102: 46274 | C102: Shavindra | D102: Pickup | E102: 1 | F102: 650 | G102: teriyaki rice | H102: pick-up
A103: 106 | B103: 46274 | C103: Marshall | D103: Pickup | E103: 1 | F103: 650 | G103: teriyaki rice | H103: pick-up
A104: 107 | B104: 46274 | C104: Chanruka | D104: Pickup | E104: 2 | F104: 1200 | G104: teriyaki rice, teriyaki 100 | H104: pick-up
A105: 108 | B105: 46274 | C105: Manu | D105: Pickup | E105: 1 | F105: 650 | G105: teriyaki rice | H105: pick-up
A106: 109 | B106: 46274 | C106: Sachith | D106: PickMe | E106: 2 | F106: 1750 | G106: teriyaki 100, thai rice | H106: 182648832
A107: 110 | B107: 46274 | C107: Tairen | D107: PickMe | E107: 1 | F107: 950 | G107: thai rice | H107: 182650321
A108: 111 | B108: 46274 | C108: Chanuka | D108: Pickup | E108: 1 | F108: 650 | G108: teriyaki rice | H108: pick-up
A109: 112 | B109: 46274 | C109: Milinda | D109: Uber | E109: 2 | F109: 950 | G109: thai rice x2 | H109: 1216E
A110: 113 | B110: 46274 | C110: Saumya | D110: Uber | E110: 1 | F110: 800 | G110: teriyaki 100 | H110: 9CD5D
A111: 114 | B111: 46274 | C111: Shane | D111: Uber | E111: 1 | F111: 950 | G111: teriyaki rice | H111: 1A9CE
A112: 115 | B112: 46274 | C112: Tharindu | D112: Uber | E112: 2 | F112: 1600 | G112: thai 100, teriyaki 100 | H112: DCFDD
A113: 116 | B113: 46274 | C113: Priyadharshana | D113: Uber | E113: 1 | F113: 950 | G113: thai rice | H113: E537A
A114: 117 | B114: 46274 | C114: Samuel | D114: Uber | E114: 1 | F114: 950 | G114: thai rice | H114: EA12F
A115: 118 | B115: 46274 | C115: Dilshan | D115: Uber | E115: 1 | F115: 950 | G115: teriyaki rice | H115: 1CDA6
...
